File,CountLineCode,CountLineComment,CountStmt,MaxNesting,RatioCommentToCode,Cyclomatic,CountInput,CountOutput,num_if_inloop,num_loop_inif,num_nested_loop,num_nested_loop_incrit,synchronization,thread,io_in_loop,database_in_loop,collection_in_loop,io,database,collection,recursive,lines_deleted,lines_added,num_general_bugs,num_perf_bugs,num_revisions,num_general_fixing_revisions,num_perf_fixing_revisions,label
/home/gzhao/performance_bug_prediction/github_data_collection/projects/spring-cloud-sleuth/benchmarks/src/main/java/org/springframework/cloud/sleuth/benchmarks/app/mvc/SleuthBenchmarkingSpringApp.java,3.6818181818181817,0.0,2.3181818181818183,0.045454545454545456,0.0,1.0454545454545454,1.4090909090909092,2.0454545454545454,0.0,0.0,0.0,0.0,0.0,0.0,0.0,0.0,0.0,0.0,0.0,0.0,0.0,0,0,0,0,0,0,0,0
/home/gzhao/performance_bug_prediction/github_data_collection/projects/spring-cloud-sleuth/benchmarks/src/main/java/org/springframework/cloud/sleuth/benchmarks/app/webflux/SleuthBenchmarkingSpringWebFluxApp.java,3.375,0.125,1.875,0.0,0.03125,1.125,1.0,2.0,0.0,0.0,0.0,0.0,0.0,0.0,0.0,0.0,0.0,0.0,0.0,0.0,0.0,0,0,0,0,0,0,0,1
/home/gzhao/performance_bug_prediction/github_data_collection/projects/spring-cloud-sleuth/benchmarks/src/main/java/org/springframework/cloud/sleuth/benchmarks/jmh/benchmarks/AnnotationBenchmarks.java,4.0,0.0,2.5,0.0,0.0,1.0,2.0,3.0,0.0,0.0,0.0,0.0,0.0,0.0,0.0,0.0,0.0,0.0,0.0,0.25,0.0,0,0,0,0,0,0,0,0
/home/gzhao/performance_bug_prediction/github_data_collection/projects/spring-cloud-sleuth/benchmarks/src/main/java/org/springframework/cloud/sleuth/benchmarks/jmh/benchmarks/AsyncBenchmarks.java,6.5,0.0,3.5,0.0,0.0,1.0,2.75,4.0,0.0,0.0,0.0,0.0,0.0,0.0,0.0,0.0,0.0,0.0,0.0,0.25,0.0,0,0,0,0,0,0,0,0
/home/gzhao/performance_bug_prediction/github_data_collection/projects/spring-cloud-sleuth/benchmarks/src/main/java/org/springframework/cloud/sleuth/benchmarks/jmh/benchmarks/HttpFilterBenchmarks.java,4.538461538461538,0.0,2.5384615384615383,0.0,0.0,1.0,2.0769230769230766,3.0,0.0,0.0,0.0,0.0,0.0,0.0,0.0,0.0,0.0,0.0,0.0,0.38461538461538464,0.0,0,0,0,0,0,0,0,0
/home/gzhao/performance_bug_prediction/github_data_collection/projects/spring-cloud-sleuth/benchmarks/src/main/java/org/springframework/cloud/sleuth/benchmarks/jmh/benchmarks/ProcessLauncherState.java,7.3,0.0,5.4,0.6,0.0,1.8,3.3,5.1,0.1,0.0,0.0,0.0,0.0,0.0,0.0,0.0,0.0,0.3,0.0,0.9,0.0,0,0,0,0,0,0,0,0
/home/gzhao/performance_bug_prediction/github_data_collection/projects/spring-cloud-sleuth/benchmarks/src/main/java/org/springframework/cloud/sleuth/benchmarks/jmh/benchmarks/RestTemplateBenchmark.java,6.75,0.0,3.25,0.0,0.0,1.0,2.5,4.5,0.0,0.0,0.0,0.0,0.0,0.0,0.0,0.0,0.0,0.0,0.0,1.25,0.0,0,0,0,0,0,0,0,0
/home/gzhao/performance_bug_prediction/github_data_collection/projects/spring-cloud-sleuth/benchmarks/src/main/java/org/springframework/cloud/sleuth/benchmarks/jmh/benchmarks/SpringWebFluxBenchmarks.java,4.4,0.06666666666666668,2.6,0.06666666666666668,0.005333333333333333,1.0,2.066666666666667,3.2,0.0,0.0,0.0,0.0,0.0,0.0,0.0,0.0,0.0,0.0,0.0,0.2,0.0,0,0,0,0,0,0,0,0
/home/gzhao/performance_bug_prediction/github_data_collection/projects/spring-cloud-sleuth/benchmarks/src/main/java/org/springframework/cloud/sleuth/benchmarks/jmh/benchmarks/SpringWebFluxOnLastBenchmark.java,6.0,0.0,2.0,0.0,0.0,1.0,0.0,1.0,0.0,0.0,0.0,0.0,0.0,0.0,0.0,0.0,0.0,0.0,0.0,0.0,0.0,0,0,0,0,0,0,0,0
/home/gzhao/performance_bug_prediction/github_data_collection/projects/spring-cloud-sleuth/benchmarks/src/main/java/org/springframework/cloud/sleuth/benchmarks/jmh/benchmarks/StartupBenchmark.java,4.666666666666667,0.0,2.6666666666666665,0.0,0.0,1.0,0.8333333333333334,1.6666666666666667,0.0,0.0,0.0,0.0,0.0,0.0,0.0,0.0,0.0,0.0,0.0,0.6666666666666666,0.0,0,0,0,0,0,0,0,0
/home/gzhao/performance_bug_prediction/github_data_collection/projects/spring-cloud-sleuth/benchmarks/src/main/java/org/springframework/cloud/sleuth/benchmarks/jmh/benchmarks/WithOutReactorSleuthSpringWebFluxBenchmarks.java,5.333333333333333,0.0,2.333333333333333,0.0,0.0,1.0,0.0,2.0,0.0,0.0,0.0,0.0,0.0,0.0,0.0,0.0,0.0,0.0,0.0,0.6666666666666666,0.0,0,0,0,0,0,0,0,0
/home/gzhao/performance_bug_prediction/github_data_collection/projects/spring-cloud-sleuth/benchmarks/src/main/java/org/springframework/cloud/sleuth/benchmarks/jmh/benchmarks/WithOutSleuthSpringWebFluxBenchmarks.java,4.666666666666667,0.0,2.333333333333333,0.0,0.0,1.0,0.0,2.0,0.0,0.0,0.0,0.0,0.0,0.0,0.0,0.0,0.0,0.0,0.0,0.6666666666666666,0.0,0,0,0,0,0,0,0,0
/home/gzhao/performance_bug_prediction/github_data_collection/projects/spring-cloud-sleuth/spring-cloud-sleuth-core/src/main/java/org/springframework/cloud/sleuth/SpanName.java,1.0,4.0,1.0,0.0,4.0,0.0,1.0,1.0,0.0,0.0,0.0,0.0,0.0,0.0,0.0,0.0,0.0,0.0,0.0,0.0,0.0,0,0,0,0,0,0,0,0
/home/gzhao/performance_bug_prediction/github_data_collection/projects/spring-cloud-sleuth/spring-cloud-sleuth-core/src/main/java/org/springframework/cloud/sleuth/SpanNamer.java,1.0,7.0,1.0,0.0,7.0,0.0,3.0,1.0,0.0,0.0,0.0,0.0,0.0,0.0,0.0,0.0,0.0,0.0,0.0,0.0,0.0,0,0,0,0,0,0,0,0
/home/gzhao/performance_bug_prediction/github_data_collection/projects/spring-cloud-sleuth/spring-cloud-sleuth-core/src/main/java/org/springframework/cloud/sleuth/annotation/AbstractSleuthMethodInvocationProcessor.java,6.545454545454546,0.0,4.181818181818182,0.8181818181818182,0.0,2.0,5.2727272727272725,3.0,0.0,0.0,0.0,0.0,0.0,0.0,0.0,0.0,0.0,0.0,0.0,0.09090909090909093,0.0,0,0,0,0,0,0,0,0
/home/gzhao/performance_bug_prediction/github_data_collection/projects/spring-cloud-sleuth/spring-cloud-sleuth-core/src/main/java/org/springframework/cloud/sleuth/annotation/ContinueSpan.java,1.0,5.0,1.0,0.0,5.0,0.0,1.0,1.0,0.0,0.0,0.0,0.0,0.0,0.0,0.0,0.0,0.0,0.0,0.0,0.0,0.0,0,0,0,0,0,0,0,0
/home/gzhao/performance_bug_prediction/github_data_collection/projects/spring-cloud-sleuth/spring-cloud-sleuth-core/src/main/java/org/springframework/cloud/sleuth/annotation/DefaultSpanCreator.java,11.0,0.0,6.0,1.0,0.0,3.0,4.0,10.0,0.0,0.0,0.0,0.0,0.0,0.0,0.0,0.0,0.0,0.0,0.0,0.0,0.0,0,0,0,0,0,0,0,0
/home/gzhao/performance_bug_prediction/github_data_collection/projects/spring-cloud-sleuth/spring-cloud-sleuth-core/src/main/java/org/springframework/cloud/sleuth/annotation/NewSpan.java,1.0,4.0,1.0,0.0,4.0,0.0,0.5,1.0,0.0,0.0,0.0,0.0,0.0,0.0,0.0,0.0,0.0,0.0,0.0,0.0,0.0,0,0,0,0,0,0,0,0
/home/gzhao/performance_bug_prediction/github_data_collection/projects/spring-cloud-sleuth/spring-cloud-sleuth-core/src/main/java/org/springframework/cloud/sleuth/annotation/NewSpanParser.java,1.0,6.0,1.0,0.0,6.0,0.0,3.0,0.0,0.0,0.0,0.0,0.0,0.0,0.0,0.0,0.0,0.0,0.0,0.0,0.0,0.0,0,0,0,0,0,0,0,0
/home/gzhao/performance_bug_prediction/github_data_collection/projects/spring-cloud-sleuth/spring-cloud-sleuth-core/src/main/java/org/springframework/cloud/sleuth/annotation/NoOpTagValueResolver.java,3.0,0.0,2.0,0.0,0.0,1.0,0.0,1.0,0.0,0.0,0.0,0.0,0.0,0.0,0.0,0.0,0.0,0.0,0.0,0.0,0.0,0,0,0,0,0,0,0,0
/home/gzhao/performance_bug_prediction/github_data_collection/projects/spring-cloud-sleuth/spring-cloud-sleuth-core/src/main/java/org/springframework/cloud/sleuth/annotation/NonReactorSleuthMethodInvocationProcessor.java,4.0,0.0,2.0,0.0,0.0,1.0,4.0,2.0,0.0,0.0,0.0,0.0,0.0,0.0,0.0,0.0,0.0,0.0,0.0,0.0,0.0,0,0,0,0,0,0,0,0
/home/gzhao/performance_bug_prediction/github_data_collection/projects/spring-cloud-sleuth/spring-cloud-sleuth-core/src/main/java/org/springframework/cloud/sleuth/annotation/ReactorSleuthMethodInvocationProcessor.java,9.333333333333334,0.26666666666666666,5.333333333333333,0.8666666666666667,0.013333333333333334,1.6666666666666667,4.666666666666667,4.533333333333333,0.0,0.0,0.0,0.0,0.0,0.0,0.0,0.0,0.0,0.0,0.0,0.06666666666666668,0.0,0,0,0,0,0,0,0,0
/home/gzhao/performance_bug_prediction/github_data_collection/projects/spring-cloud-sleuth/spring-cloud-sleuth-core/src/main/java/org/springframework/cloud/sleuth/annotation/SleuthAdvisorConfig.java,5.7333333333333325,0.3333333333333333,3.466666666666667,0.26666666666666666,0.11133333333333333,1.2666666666666666,1.4666666666666666,2.333333333333333,0.0,0.0,0.0,0.0,0.0,0.0,0.0,0.0,0.0,0.0,0.0,0.26666666666666666,0.0,0,0,0,0,0,0,0,0
/home/gzhao/performance_bug_prediction/github_data_collection/projects/spring-cloud-sleuth/spring-cloud-sleuth-core/src/main/java/org/springframework/cloud/sleuth/annotation/SleuthAnnotationAutoConfiguration.java,3.0,0.0,2.0,0.0,0.0,1.0,0.0,1.0,0.0,0.0,0.0,0.0,0.0,0.0,0.0,0.0,0.0,0.0,0.0,0.0,0.0,0,0,0,0,0,0,0,0
/home/gzhao/performance_bug_prediction/github_data_collection/projects/spring-cloud-sleuth/spring-cloud-sleuth-core/src/main/java/org/springframework/cloud/sleuth/annotation/SleuthAnnotationUtils.java,7.666666666666668,0.0,5.333333333333333,1.0,0.0,2.0,3.333333333333333,3.0,0.3333333333333333,0.0,0.3333333333333333,0.0,0.0,0.0,0.0,0.0,0.0,0.0,0.0,0.6666666666666666,0.0,0,0,0,0,0,0,0,0
/home/gzhao/performance_bug_prediction/github_data_collection/projects/spring-cloud-sleuth/spring-cloud-sleuth-core/src/main/java/org/springframework/cloud/sleuth/annotation/SleuthMethodInvocationProcessor.java,2.0,0.0,1.0,0.0,0.0,0.0,1.0,1.0,0.0,0.0,0.0,0.0,0.0,0.0,0.0,0.0,0.0,0.0,0.0,0.0,0.0,0,0,0,0,0,0,0,0
/home/gzhao/performance_bug_prediction/github_data_collection/projects/spring-cloud-sleuth/spring-cloud-sleuth-core/src/main/java/org/springframework/cloud/sleuth/annotation/SpanTag.java,1.0,3.25,1.0,0.0,3.25,0.0,1.25,1.0,0.0,0.0,0.0,0.0,0.0,0.0,0.0,0.0,0.0,0.0,0.0,0.0,0.0,7,4,0,0,1,0,0,0
/home/gzhao/performance_bug_prediction/github_data_collection/projects/spring-cloud-sleuth/spring-cloud-sleuth-core/src/main/java/org/springframework/cloud/sleuth/annotation/SpanTagAnnotationHandler.java,10.125,0.25,6.125,1.375,0.025,2.875,4.25,4.5,0.375,0.25,0.25,0.0,0.0,0.0,0.0,0.0,0.125,0.0,0.0,1.0,0.0,0,0,0,0,0,0,0,0
/home/gzhao/performance_bug_prediction/github_data_collection/projects/spring-cloud-sleuth/spring-cloud-sleuth-core/src/main/java/org/springframework/cloud/sleuth/annotation/TagValueExpressionResolver.java,1.0,6.0,1.0,0.0,6.0,0.0,0.0,1.0,0.0,0.0,0.0,0.0,0.0,0.0,0.0,0.0,0.0,0.0,0.0,0.0,0.0,0,0,0,0,0,0,0,0
/home/gzhao/performance_bug_prediction/github_data_collection/projects/spring-cloud-sleuth/spring-cloud-sleuth-core/src/main/java/org/springframework/cloud/sleuth/annotation/TagValueResolver.java,1.0,5.0,1.0,0.0,5.0,0.0,1.0,1.0,0.0,0.0,0.0,0.0,0.0,0.0,0.0,0.0,0.0,0.0,0.0,0.0,0.0,0,0,0,0,0,0,0,0
/home/gzhao/performance_bug_prediction/github_data_collection/projects/spring-cloud-sleuth/spring-cloud-sleuth-core/src/main/java/org/springframework/cloud/sleuth/autoconfig/SleuthBaggageProperties.java,3.0,0.0,2.0,0.0,0.0,1.0,1.4,1.0,0.0,0.0,0.0,0.0,0.0,0.0,0.0,0.0,0.0,0.0,0.0,1.3,0.0,0,0,0,0,0,0,0,0
/home/gzhao/performance_bug_prediction/github_data_collection/projects/spring-cloud-sleuth/spring-cloud-sleuth-core/src/main/java/org/springframework/cloud/sleuth/autoconfig/SleuthProperties.java,3.0,0.0,2.0,0.0,0.0,1.0,1.3333333333333333,1.0,0.0,0.0,0.0,0.0,0.0,0.0,0.0,0.0,0.0,0.0,0.0,0.5,0.0,8,4,1,0,2,1,0,0
/home/gzhao/performance_bug_prediction/github_data_collection/projects/spring-cloud-sleuth/spring-cloud-sleuth-core/src/main/java/org/springframework/cloud/sleuth/autoconfig/TraceAutoConfiguration.java,8.5,0.0,5.166666666666667,0.5,0.0,2.5,2.1666666666666665,4.333333333333333,0.0,0.3333333333333333,0.0,0.0,0.0,0.16666666666666666,0.0,0.0,0.0,0.0,0.0,1.3333333333333333,0.0,45,39,1,0,2,1,0,0
/home/gzhao/performance_bug_prediction/github_data_collection/projects/spring-cloud-sleuth/spring-cloud-sleuth-core/src/main/java/org/springframework/cloud/sleuth/autoconfig/TraceBaggageConfiguration.java,8.833333333333334,1.25,5.083333333333333,0.5833333333333334,0.2775,2.0,2.6666666666666665,3.8333333333333335,0.0,0.25,0.0,0.0,0.0,0.0,0.0,0.0,0.0,0.0,0.0,2.1666666666666665,0.0,0,0,0,0,0,0,0,0
/home/gzhao/performance_bug_prediction/github_data_collection/projects/spring-cloud-sleuth/spring-cloud-sleuth-core/src/main/java/org/springframework/cloud/sleuth/autoconfig/TraceEnvironmentPostProcessor.java,15.5,1.0,9.5,2.5,0.1,4.5,2.5,6.0,0.5,0.5,0.0,0.0,0.0,0.0,0.0,0.0,1.5,0.0,0.0,5.5,0.0,10,5,1,0,2,1,0,0
/home/gzhao/performance_bug_prediction/github_data_collection/projects/spring-cloud-sleuth/spring-cloud-sleuth-core/src/main/java/org/springframework/cloud/sleuth/instrument/async/AsyncAutoConfiguration.java,3.0,0.0,2.0,0.0,0.0,1.0,0.0,2.0,0.0,0.0,0.0,0.0,0.0,0.0,0.0,0.0,0.0,0.0,0.0,2.0,0.0,8,3,1,0,1,1,0,1
/home/gzhao/performance_bug_prediction/github_data_collection/projects/spring-cloud-sleuth/spring-cloud-sleuth-core/src/main/java/org/springframework/cloud/sleuth/instrument/async/AsyncCustomAutoConfiguration.java,6.5,0.0,3.5,0.5,0.0,1.5,1.5,1.5,0.0,0.0,0.0,0.0,0.0,0.0,0.0,0.0,0.0,0.0,0.0,0.0,0.0,7,4,1,0,1,1,0,0
/home/gzhao/performance_bug_prediction/github_data_collection/projects/spring-cloud-sleuth/spring-cloud-sleuth-core/src/main/java/org/springframework/cloud/sleuth/instrument/async/AsyncDefaultAutoConfiguration.java,3.6666666666666665,0.0,2.333333333333333,0.0,0.0,1.0,1.3333333333333333,2.333333333333333,0.0,0.0,0.0,0.0,0.0,0.0,0.0,0.0,0.0,0.0,0.0,0.0,0.0,8,3,1,0,1,1,0,0
/home/gzhao/performance_bug_prediction/github_data_collection/projects/spring-cloud-sleuth/spring-cloud-sleuth-core/src/main/java/org/springframework/cloud/sleuth/instrument/async/ContextUtil.java,9.0,0.0,6.0,1.0,0.0,2.0,25.0,7.0,0.0,0.0,0.0,0.0,0.0,0.0,0.0,0.0,0.0,0.0,0.0,5.0,0.0,0,0,0,0,0,0,0,0
/home/gzhao/performance_bug_prediction/github_data_collection/projects/spring-cloud-sleuth/spring-cloud-sleuth-core/src/main/java/org/springframework/cloud/sleuth/instrument/async/ExecutorBeanPostProcessor.java,7.1538461538461515,0.0,4.038461538461538,0.2307692307692308,0.0,1.5384615384615383,3.0384615384615383,3.423076923076924,0.0,0.0,0.0,0.0,0.0,0.8461538461538461,0.0,0.0,0.0,0.0,0.0,0.15384615384615385,0.0,0,0,0,0,0,0,0,0
/home/gzhao/performance_bug_prediction/github_data_collection/projects/spring-cloud-sleuth/spring-cloud-sleuth-core/src/main/java/org/springframework/cloud/sleuth/instrument/async/LazyTraceAsyncCustomizer.java,4.5,0.0,3.0,0.5,0.0,1.5,1.5,2.5,0.0,0.0,0.0,0.0,0.0,0.0,0.0,0.0,0.0,0.0,0.0,0.0,0.0,4,2,1,0,1,1,0,0
/home/gzhao/performance_bug_prediction/github_data_collection/projects/spring-cloud-sleuth/spring-cloud-sleuth-core/src/main/java/org/springframework/cloud/sleuth/instrument/async/LazyTraceAsyncTaskExecutor.java,7.0,0.0,5.0,1.0,0.0,2.0,3.25,5.5,0.0,0.0,0.0,0.0,0.0,0.0,0.0,0.0,0.0,0.0,0.0,0.0,0.0,4,2,1,0,1,1,0,0
/home/gzhao/performance_bug_prediction/github_data_collection/projects/spring-cloud-sleuth/spring-cloud-sleuth-core/src/main/java/org/springframework/cloud/sleuth/instrument/async/LazyTraceScheduledThreadPoolExecutor.java,3.6551724137931036,0.0,2.1206896551724137,0.06896551724137931,0.0,1.0689655172413792,2.431034482758621,2.5517241379310347,0.017241379310344827,0.0,0.0,0.0,0.017241379310344827,1.1724137931034482,0.0,0.0,0.0,0.0,0.0,0.5862068965517241,0.0,0,0,0,0,0,0,0,0
/home/gzhao/performance_bug_prediction/github_data_collection/projects/spring-cloud-sleuth/spring-cloud-sleuth-core/src/main/java/org/springframework/cloud/sleuth/instrument/async/LazyTraceThreadPoolTaskExecutor.java,3.425,0.0,2.125,0.025,0.0,1.175,1.975,2.075,0.0,0.0,0.0,0.0,0.0,1.575,0.0,0.0,0.0,0.0,0.0,1.05,0.0,4,2,1,0,1,1,0,0
/home/gzhao/performance_bug_prediction/github_data_collection/projects/spring-cloud-sleuth/spring-cloud-sleuth-core/src/main/java/org/springframework/cloud/sleuth/instrument/async/LazyTraceThreadPoolTaskScheduler.java,4.037037037037037,0.0,2.2777777777777777,0.1111111111111111,0.0,1.1296296296296295,2.6111111111111107,2.7962962962962963,0.0,0.0,0.0,0.0,0.0,1.6666666666666667,0.0,0.0,0.0,0.0,0.0,0.6296296296296297,0.0,0,0,0,0,0,0,0,0
/home/gzhao/performance_bug_prediction/github_data_collection/projects/spring-cloud-sleuth/spring-cloud-sleuth-core/src/main/java/org/springframework/cloud/sleuth/instrument/async/SleuthAsyncProperties.java,3.0,0.0,2.0,0.0,0.0,1.0,1.5,1.0,0.0,0.0,0.0,0.0,0.0,0.0,0.0,0.0,0.0,0.0,0.0,1.5,0.0,4,2,1,0,1,1,0,0
/home/gzhao/performance_bug_prediction/github_data_collection/projects/spring-cloud-sleuth/spring-cloud-sleuth-core/src/main/java/org/springframework/cloud/sleuth/instrument/async/SleuthContextListener.java,7.25,0.0,4.75,0.5,0.0,1.75,3.0,3.5,0.0,0.0,0.0,0.0,0.0,0.0,0.0,0.0,0.0,0.0,0.0,2.25,0.0,0,0,0,0,0,0,0,0
/home/gzhao/performance_bug_prediction/github_data_collection/projects/spring-cloud-sleuth/spring-cloud-sleuth-core/src/main/java/org/springframework/cloud/sleuth/instrument/async/TraceAsyncAspect.java,8.666666666666666,0.0,5.666666666666668,0.3333333333333333,0.0,1.3333333333333333,3.333333333333333,9.666666666666666,0.0,0.0,0.0,0.0,0.0,0.3333333333333333,0.0,0.0,0.0,0.0,0.0,0.0,0.0,7,4,1,0,1,1,0,0
/home/gzhao/performance_bug_prediction/github_data_collection/projects/spring-cloud-sleuth/spring-cloud-sleuth-core/src/main/java/org/springframework/cloud/sleuth/instrument/async/TraceAsyncListenableTaskExecutor.java,3.5,0.0,2.0,0.0,0.0,1.0,3.1666666666666665,3.6666666666666665,0.0,0.0,0.0,0.0,0.0,0.0,0.0,0.0,0.0,0.0,0.0,1.6666666666666667,0.0,4,2,1,0,1,1,0,0
/home/gzhao/performance_bug_prediction/github_data_collection/projects/spring-cloud-sleuth/spring-cloud-sleuth-core/src/main/java/org/springframework/cloud/sleuth/instrument/async/TraceableExecutorService.java,4.8125,0.0,2.5625,0.25,0.0,1.75,4.375,3.6875,0.0625,0.0,0.0,0.0,0.0,0.0,0.0,0.0,0.0,0.0,0.0,0.9375,0.0,4,2,1,0,1,1,0,0
/home/gzhao/performance_bug_prediction/github_data_collection/projects/spring-cloud-sleuth/spring-cloud-sleuth-core/src/main/java/org/springframework/cloud/sleuth/instrument/async/TraceableScheduledExecutorService.java,6.0,0.0,2.0,0.0,0.0,1.8,4.6,5.8,0.0,0.0,0.0,0.0,0.0,0.0,0.0,0.0,0.0,0.0,0.0,0.0,0.0,4,2,1,0,1,1,0,0
/home/gzhao/performance_bug_prediction/github_data_collection/projects/spring-cloud-sleuth/spring-cloud-sleuth-core/src/main/java/org/springframework/cloud/sleuth/instrument/circuitbreaker/SleuthCircuitBreakerAutoConfiguration.java,3.2,0.2,2.0,0.0,0.1,1.0,2.0,2.4,0.0,0.0,0.0,0.0,0.0,0.0,0.0,0.0,0.0,0.0,0.0,0.0,0.0,5,2,1,0,1,1,0,0
/home/gzhao/performance_bug_prediction/github_data_collection/projects/spring-cloud-sleuth/spring-cloud-sleuth-core/src/main/java/org/springframework/cloud/sleuth/instrument/circuitbreaker/SleuthCircuitBreakerProperties.java,3.0,0.0,2.0,0.0,0.0,1.0,1.0,1.0,0.0,0.0,0.0,0.0,0.0,0.0,0.0,0.0,0.0,0.0,0.0,0.5,0.0,4,2,1,0,1,1,0,0
/home/gzhao/performance_bug_prediction/github_data_collection/projects/spring-cloud-sleuth/spring-cloud-sleuth-core/src/main/java/org/springframework/cloud/sleuth/instrument/grpc/GrpcManagedChannelBuilderCustomizer.java,1.0,4.0,1.0,0.0,4.0,0.0,1.0,0.0,0.0,0.0,0.0,0.0,0.0,0.0,0.0,0.0,0.0,0.0,0.0,0.0,0.0,0,0,0,0,0,0,0,0
/home/gzhao/performance_bug_prediction/github_data_collection/projects/spring-cloud-sleuth/spring-cloud-sleuth-core/src/main/java/org/springframework/cloud/sleuth/instrument/grpc/SpringAwareManagedChannelBuilder.java,5.5,0.0,4.25,0.5,0.0,1.5,2.25,2.5,0.0,0.25,0.0,0.0,0.0,0.0,0.0,0.0,0.0,0.0,0.0,0.0,0.0,0,0,0,0,0,0,0,0
/home/gzhao/performance_bug_prediction/github_data_collection/projects/spring-cloud-sleuth/spring-cloud-sleuth-core/src/main/java/org/springframework/cloud/sleuth/instrument/grpc/TraceGrpcAutoConfiguration.java,3.5,0.0,2.0,0.0,0.0,1.0,1.0,2.0,0.0,0.0,0.0,0.0,0.0,0.0,0.0,0.0,0.0,0.0,0.0,0.25,0.0,5,2,1,0,1,1,0,0
/home/gzhao/performance_bug_prediction/github_data_collection/projects/spring-cloud-sleuth/spring-cloud-sleuth-core/src/main/java/org/springframework/cloud/sleuth/instrument/grpc/TracingManagedChannelBuilderCustomizer.java,3.0,3.0,2.0,0.0,1.0,1.0,2.0,2.0,0.0,0.0,0.0,0.0,0.0,0.0,0.0,0.0,0.0,0.0,0.0,0.0,0.0,0,0,0,0,0,0,0,0
/home/gzhao/performance_bug_prediction/github_data_collection/projects/spring-cloud-sleuth/spring-cloud-sleuth-core/src/main/java/org/springframework/cloud/sleuth/instrument/messaging/MessageHeaderPropagation.java,11.888888888888893,1.1111111111111112,7.222222222222222,1.2222222222222223,0.10555555555555557,3.111111111111111,3.6666666666666665,4.4444444444444455,0.4444444444444444,0.0,0.0,0.0,0.0,0.0,0.0,0.0,0.4444444444444444,0.0,0.0,4.666666666666667,0.0,0,0,0,0,0,0,0,0
/home/gzhao/performance_bug_prediction/github_data_collection/projects/spring-cloud-sleuth/spring-cloud-sleuth-core/src/main/java/org/springframework/cloud/sleuth/instrument/messaging/SleuthKafkaStreamsConfiguration.java,7.0,5.0,3.6666666666666665,0.6666666666666666,1.2966666666666666,1.6666666666666667,1.6666666666666667,3.333333333333333,0.0,0.0,0.0,0.0,0.0,0.0,0.0,0.0,0.0,0.0,0.0,0.3333333333333333,0.0,5,2,1,0,1,1,0,0
/home/gzhao/performance_bug_prediction/github_data_collection/projects/spring-cloud-sleuth/spring-cloud-sleuth-core/src/main/java/org/springframework/cloud/sleuth/instrument/messaging/SleuthMessagingProperties.java,3.0,0.0,2.0,0.0,0.0,1.0,1.3928571428571428,1.0,0.0,0.0,0.0,0.0,0.0,0.0,0.0,0.0,0.0,0.0,0.0,0.5,0.0,4,2,1,0,1,1,0,0
/home/gzhao/performance_bug_prediction/github_data_collection/projects/spring-cloud-sleuth/spring-cloud-sleuth-core/src/main/java/org/springframework/cloud/sleuth/instrument/messaging/TraceMessagingAutoConfiguration.java,6.954545454545454,0.13636363636363635,3.8181818181818175,0.4545454545454545,0.06818181818181818,1.7272727272727273,1.8181818181818181,3.1818181818181817,0.045454545454545456,0.045454545454545456,0.0,0.0,0.0,0.0,0.0,0.0,0.0,0.0,0.09090909090909093,1.2272727272727273,0.0,24,18,1,0,2,1,0,0
/home/gzhao/performance_bug_prediction/github_data_collection/projects/spring-cloud-sleuth/spring-cloud-sleuth-core/src/main/java/org/springframework/cloud/sleuth/instrument/messaging/TraceSpringIntegrationAutoConfiguration.java,6.5,0.0,3.0,0.0,0.0,1.0,2.5,3.0,0.0,0.0,0.0,0.0,0.0,0.0,0.0,0.0,0.0,0.0,0.0,1.0,0.0,5,2,1,0,1,1,0,0
/home/gzhao/performance_bug_prediction/github_data_collection/projects/spring-cloud-sleuth/spring-cloud-sleuth-core/src/main/java/org/springframework/cloud/sleuth/instrument/messaging/TraceSpringMessagingAutoConfiguration.java,3.0,0.0,2.0,0.0,0.0,1.0,1.0,1.0,0.0,0.0,0.0,0.0,0.0,0.0,0.0,0.0,0.0,0.0,0.0,0.5,0.0,0,0,0,0,0,0,0,0
/home/gzhao/performance_bug_prediction/github_data_collection/projects/spring-cloud-sleuth/spring-cloud-sleuth-core/src/main/java/org/springframework/cloud/sleuth/instrument/messaging/TraceWebSocketAutoConfiguration.java,3.0,0.25,1.75,0.0,0.125,1.0,1.5,1.75,0.0,0.0,0.0,0.0,0.0,0.0,0.0,0.0,0.0,0.0,0.0,0.75,0.0,0,0,0,0,0,0,0,0
/home/gzhao/performance_bug_prediction/github_data_collection/projects/spring-cloud-sleuth/spring-cloud-sleuth-core/src/main/java/org/springframework/cloud/sleuth/instrument/messaging/TracingChannelInterceptor.java,11.75,1.55,7.75,0.85,0.1295,2.95,4.7,7.2,0.1,0.0,0.0,0.0,0.0,0.0,0.0,0.0,0.05,0.0,0.0,0.25,0.0,71,55,1,0,3,1,0,0
/home/gzhao/performance_bug_prediction/github_data_collection/projects/spring-cloud-sleuth/spring-cloud-sleuth-core/src/main/java/org/springframework/cloud/sleuth/instrument/messaging/TracingConnectionFactoryBeanPostProcessor.java,4.54054054054054,0.21621621621621626,2.918918918918919,0.21621621621621626,0.023243243243243245,1.3513513513513509,2.5405405405405403,2.7837837837837838,0.0,0.0,0.0,0.0,0.0,0.0,0.0,0.0,0.0,0.0,2.054054054054054,0.2432432432432433,0.0,0,0,0,0,0,0,0,0
/home/gzhao/performance_bug_prediction/github_data_collection/projects/spring-cloud-sleuth/spring-cloud-sleuth-core/src/main/java/org/springframework/cloud/sleuth/instrument/messaging/TracingMethodMessageHandlerAdapter.java,3.5,0.0,2.4,0.1,0.0,1.1,1.6,1.9,0.0,0.0,0.0,0.0,0.0,0.0,0.0,0.0,0.0,0.0,0.0,0.0,0.0,5,4,0,0,1,0,0,0
/home/gzhao/performance_bug_prediction/github_data_collection/projects/spring-cloud-sleuth/spring-cloud-sleuth-core/src/main/java/org/springframework/cloud/sleuth/instrument/opentracing/OpentracingAutoConfiguration.java,3.0,0.0,2.0,0.0,0.0,1.0,1.0,2.0,0.0,0.0,0.0,0.0,0.0,0.0,0.0,0.0,0.0,0.0,0.0,0.0,0.0,5,2,1,0,1,1,0,0
/home/gzhao/performance_bug_prediction/github_data_collection/projects/spring-cloud-sleuth/spring-cloud-sleuth-core/src/main/java/org/springframework/cloud/sleuth/instrument/opentracing/SleuthOpentracingProperties.java,3.0,0.0,2.0,0.0,0.0,1.0,1.0,1.0,0.0,0.0,0.0,0.0,0.0,0.0,0.0,0.0,0.0,0.0,0.0,0.5,0.0,4,2,1,0,1,1,0,0
/home/gzhao/performance_bug_prediction/github_data_collection/projects/spring-cloud-sleuth/spring-cloud-sleuth-core/src/main/java/org/springframework/cloud/sleuth/instrument/quartz/TraceQuartzAutoConfiguration.java,4.5,0.0,3.0,0.0,0.0,1.0,2.0,3.0,0.0,0.0,0.0,0.0,0.0,0.0,0.0,0.0,0.0,0.0,0.0,5.0,0.0,6,3,1,0,1,1,0,0
/home/gzhao/performance_bug_prediction/github_data_collection/projects/spring-cloud-sleuth/spring-cloud-sleuth-core/src/main/java/org/springframework/cloud/sleuth/instrument/quartz/TracingJobListener.java,4.4444444444444455,0.0,2.5555555555555562,0.1111111111111111,0.0,1.2222222222222223,1.4444444444444444,2.6666666666666665,0.0,0.0,0.0,0.0,0.0,0.0,0.0,0.0,0.0,0.0,0.0,1.3333333333333333,0.0,0,0,0,0,0,0,0,0
/home/gzhao/performance_bug_prediction/github_data_collection/projects/spring-cloud-sleuth/spring-cloud-sleuth-core/src/main/java/org/springframework/cloud/sleuth/instrument/reactor/ReactorSleuth.java,20.666666666666668,8.0,13.0,1.0,0.3,1.6666666666666667,4.333333333333333,3.6666666666666665,0.0,0.0,0.0,0.0,0.0,0.0,0.0,0.0,0.0,0.0,0.0,0.0,0.0,0,0,0,0,0,0,0,0
/home/gzhao/performance_bug_prediction/github_data_collection/projects/spring-cloud-sleuth/spring-cloud-sleuth-core/src/main/java/org/springframework/cloud/sleuth/instrument/reactor/ScopePassingSpanSubscriber.java,5.111111111111111,0.0,3.0,0.7777777777777778,0.0,1.2222222222222223,3.333333333333333,1.7777777777777777,0.0,0.0,0.0,0.0,0.0,0.0,0.0,0.0,0.0,0.0,0.0,0.0,0.0,0,0,0,0,0,0,0,0
/home/gzhao/performance_bug_prediction/github_data_collection/projects/spring-cloud-sleuth/spring-cloud-sleuth-core/src/main/java/org/springframework/cloud/sleuth/instrument/reactor/SleuthReactorProperties.java,3.0,0.0,2.0,0.0,0.0,1.0,1.5,1.0,0.0,0.0,0.0,0.0,0.0,0.0,0.0,0.0,0.0,0.0,0.0,0.5,0.0,4,2,1,0,1,1,0,1
/home/gzhao/performance_bug_prediction/github_data_collection/projects/spring-cloud-sleuth/spring-cloud-sleuth-core/src/main/java/org/springframework/cloud/sleuth/instrument/reactor/SpanSubscription.java,2.8,0.4,1.8,0.0,0.166,1.0,0.0,0.8,0.0,0.0,0.0,0.0,0.0,0.0,0.0,0.0,0.0,0.0,0.0,0.0,0.0,0,0,0,0,0,0,0,0
/home/gzhao/performance_bug_prediction/github_data_collection/projects/spring-cloud-sleuth/spring-cloud-sleuth-core/src/main/java/org/springframework/cloud/sleuth/instrument/reactor/TraceReactorAutoConfiguration.java,12.0,0.0,6.285714285714287,1.0,0.0,2.7142857142857144,2.8571428571428568,4.571428571428571,0.0,0.0,0.0,0.0,0.0,0.0,0.0,0.0,0.0,0.0,0.0,1.1428571428571428,0.0,7,4,1,0,1,1,0,0
/home/gzhao/performance_bug_prediction/github_data_collection/projects/spring-cloud-sleuth/spring-cloud-sleuth-core/src/main/java/org/springframework/cloud/sleuth/instrument/redis/TraceRedisAutoConfiguration.java,9.0,0.0,4.75,1.0,0.0,2.25,2.5,4.5,0.0,0.0,0.0,0.0,0.0,0.0,0.0,0.0,0.0,0.0,0.0,0.0,0.0,5,2,1,0,1,1,0,0
/home/gzhao/performance_bug_prediction/github_data_collection/projects/spring-cloud-sleuth/spring-cloud-sleuth-core/src/main/java/org/springframework/cloud/sleuth/instrument/redis/TraceRedisProperties.java,3.0,0.0,2.0,0.0,0.0,1.0,1.25,1.0,0.0,0.0,0.0,0.0,0.0,0.0,0.0,0.0,0.0,0.0,0.0,0.5,0.0,4,2,1,0,1,1,0,0
/home/gzhao/performance_bug_prediction/github_data_collection/projects/spring-cloud-sleuth/spring-cloud-sleuth-core/src/main/java/org/springframework/cloud/sleuth/instrument/rpc/TraceRpcAutoConfiguration.java,18.0,0.0,11.0,2.0,0.0,5.0,4.0,6.0,0.0,1.0,0.0,0.0,0.0,0.0,0.0,0.0,0.0,0.0,0.0,1.0,0.0,12,9,1,0,1,1,0,0
/home/gzhao/performance_bug_prediction/github_data_collection/projects/spring-cloud-sleuth/spring-cloud-sleuth-core/src/main/java/org/springframework/cloud/sleuth/instrument/rxjava/RxJavaAutoConfiguration.java,5.0,0.0,2.0,0.0,0.0,1.0,2.0,4.0,0.0,0.0,0.0,0.0,0.0,1.0,0.0,0.0,0.0,0.0,0.0,2.0,0.0,5,2,1,0,1,1,0,0
/home/gzhao/performance_bug_prediction/github_data_collection/projects/spring-cloud-sleuth/spring-cloud-sleuth-core/src/main/java/org/springframework/cloud/sleuth/instrument/rxjava/SleuthRxJavaSchedulersHook.java,17.666666666666668,0.3333333333333333,10.333333333333334,1.6666666666666667,0.01,4.0,5.333333333333333,6.666666666666668,0.6666666666666666,0.0,0.0,0.0,0.0,2.333333333333333,0.0,0.0,0.0,0.0,0.0,0.0,0.0,0,0,0,0,0,0,0,0
/home/gzhao/performance_bug_prediction/github_data_collection/projects/spring-cloud-sleuth/spring-cloud-sleuth-core/src/main/java/org/springframework/cloud/sleuth/instrument/rxjava/SleuthRxJavaSchedulersProperties.java,3.0,0.0,2.0,0.0,0.0,1.0,1.1666666666666667,1.0,0.0,0.0,0.0,0.0,0.0,0.5,0.0,0.0,0.0,0.0,0.0,0.5,0.0,4,2,1,0,1,1,0,0
/home/gzhao/performance_bug_prediction/github_data_collection/projects/spring-cloud-sleuth/spring-cloud-sleuth-core/src/main/java/org/springframework/cloud/sleuth/instrument/scheduling/SleuthSchedulingProperties.java,3.6,0.2,2.4,0.2,0.034,1.2,1.4,1.4,0.0,0.0,0.0,0.0,0.0,0.0,0.0,0.0,0.0,0.0,0.0,0.4,0.0,8,4,1,0,2,1,0,0
/home/gzhao/performance_bug_prediction/github_data_collection/projects/spring-cloud-sleuth/spring-cloud-sleuth-core/src/main/java/org/springframework/cloud/sleuth/instrument/scheduling/TraceSchedulingAspect.java,7.0,0.0,5.0,1.0,0.0,2.0,3.0,4.0,0.0,0.0,0.0,0.0,0.0,0.0,0.0,0.0,0.0,0.0,0.0,0.0,0.0,7,4,1,0,1,1,0,0
/home/gzhao/performance_bug_prediction/github_data_collection/projects/spring-cloud-sleuth/spring-cloud-sleuth-core/src/main/java/org/springframework/cloud/sleuth/instrument/scheduling/TraceSchedulingAutoConfiguration.java,7.0,0.0,4.0,0.0,0.0,2.0,2.0,4.0,0.0,0.0,0.0,0.0,0.0,0.0,0.0,0.0,0.0,0.0,0.0,0.0,0.0,5,2,1,0,1,1,0,0
/home/gzhao/performance_bug_prediction/github_data_collection/projects/spring-cloud-sleuth/spring-cloud-sleuth-core/src/main/java/org/springframework/cloud/sleuth/instrument/web/ServletUtils.java,5.0,0.0,3.0,0.0,0.0,2.0,3.0,2.0,0.0,0.0,0.0,0.0,0.0,0.0,0.0,0.0,0.0,0.0,0.0,0.0,0.0,0,0,0,0,0,0,0,0
/home/gzhao/performance_bug_prediction/github_data_collection/projects/spring-cloud-sleuth/spring-cloud-sleuth-core/src/main/java/org/springframework/cloud/sleuth/instrument/web/SingleSkipPattern.java,1.0,0.0,1.0,0.0,0.0,0.0,0.0,1.0,0.0,0.0,0.0,0.0,0.0,0.0,0.0,0.0,0.0,0.0,0.0,0.0,0.0,0,0,0,0,0,0,0,0
/home/gzhao/performance_bug_prediction/github_data_collection/projects/spring-cloud-sleuth/spring-cloud-sleuth-core/src/main/java/org/springframework/cloud/sleuth/instrument/web/SkipPatternConfiguration.java,7.470588235294117,0.35294117647058826,4.176470588235294,0.4117647058823529,0.04411764705882353,1.8823529411764703,2.176470588235294,3.647058823529412,0.0,0.0,0.0,0.0,0.0,0.0,0.0,0.0,0.0,0.0,0.0,0.35294117647058826,0.0,0,0,0,0,0,0,0,0
/home/gzhao/performance_bug_prediction/github_data_collection/projects/spring-cloud-sleuth/spring-cloud-sleuth-core/src/main/java/org/springframework/cloud/sleuth/instrument/web/SkipPatternProvider.java,1.0,0.0,1.0,0.0,0.0,0.0,1.0,1.0,0.0,0.0,0.0,0.0,0.0,0.0,0.0,0.0,0.0,0.0,0.0,0.0,0.0,0,0,0,0,0,0,0,0
/home/gzhao/performance_bug_prediction/github_data_collection/projects/spring-cloud-sleuth/spring-cloud-sleuth-core/src/main/java/org/springframework/cloud/sleuth/instrument/web/SkipPatternSampler.java,5.0,0.0,3.6666666666666665,0.6666666666666666,0.0,1.3333333333333333,1.3333333333333333,3.0,0.0,0.0,0.0,0.0,0.0,0.0,0.0,0.0,0.0,0.0,0.0,0.0,0.0,0,0,0,0,0,0,0,0
/home/gzhao/performance_bug_prediction/github_data_collection/projects/spring-cloud-sleuth/spring-cloud-sleuth-core/src/main/java/org/springframework/cloud/sleuth/instrument/web/SleuthHttpProperties.java,3.0,0.0,2.0,0.0,0.0,1.0,1.0,1.0,0.0,0.0,0.0,0.0,0.0,0.0,0.0,0.0,0.0,0.0,0.0,0.5,0.0,0,0,0,0,0,0,0,0
/home/gzhao/performance_bug_prediction/github_data_collection/projects/spring-cloud-sleuth/spring-cloud-sleuth-core/src/main/java/org/springframework/cloud/sleuth/instrument/web/SleuthWebProperties.java,3.1538461538461537,0.038461538461538464,2.0769230769230766,0.038461538461538464,0.006538461538461539,1.0384615384615383,1.3461538461538465,1.1538461538461535,0.0,0.0,0.0,0.0,0.0,0.0,0.0,0.0,0.0,0.0,0.0,0.4615384615384616,0.0,4,2,1,0,1,1,0,0
/home/gzhao/performance_bug_prediction/github_data_collection/projects/spring-cloud-sleuth/spring-cloud-sleuth-core/src/main/java/org/springframework/cloud/sleuth/instrument/web/TraceHttpAutoConfiguration.java,9.4,0.6,6.0,0.6,0.036000000000000004,2.8,1.8,3.2,0.0,0.0,0.0,0.0,0.0,0.0,0.0,0.0,0.0,0.0,0.0,0.0,0.0,35,47,1,0,2,1,0,0
/home/gzhao/performance_bug_prediction/github_data_collection/projects/spring-cloud-sleuth/spring-cloud-sleuth-core/src/main/java/org/springframework/cloud/sleuth/instrument/web/TraceWebAspect.java,3.2857142857142856,0.8571428571428571,2.0,0.14285714285714285,0.42857142857142855,1.2857142857142858,0.5714285714285714,1.0,0.0,0.0,0.0,0.0,0.0,0.0,0.0,0.0,0.0,0.0,0.0,0.0,0.0,30,22,1,0,3,1,0,0
/home/gzhao/performance_bug_prediction/github_data_collection/projects/spring-cloud-sleuth/spring-cloud-sleuth-core/src/main/java/org/springframework/cloud/sleuth/instrument/web/TraceWebFilter.java,6.344827586206898,0.10344827586206896,3.965517241379312,0.4827586206896552,0.023103448275862068,1.7241379310344829,2.655172413793104,3.7931034482758617,0.0,0.0,0.0,0.0,0.0,0.0,0.0,0.0,0.0,0.0,0.0,0.10344827586206896,0.0,5,2,1,0,1,1,0,1
/home/gzhao/performance_bug_prediction/github_data_collection/projects/spring-cloud-sleuth/spring-cloud-sleuth-core/src/main/java/org/springframework/cloud/sleuth/instrument/web/TraceWebFluxAutoConfiguration.java,3.0,0.0,2.0,0.0,0.0,1.0,1.0,2.0,0.0,0.0,0.0,0.0,0.0,0.0,0.0,0.0,0.0,0.0,0.0,0.0,0.0,6,3,1,0,1,1,0,0
/home/gzhao/performance_bug_prediction/github_data_collection/projects/spring-cloud-sleuth/spring-cloud-sleuth-core/src/main/java/org/springframework/cloud/sleuth/instrument/web/TraceWebMvcConfigurer.java,4.0,0.0,2.0,0.0,0.0,1.0,3.0,2.0,0.0,0.0,0.0,0.0,0.0,0.0,0.0,0.0,0.0,0.0,0.0,0.0,0.0,0,0,0,0,0,0,0,0
/home/gzhao/performance_bug_prediction/github_data_collection/projects/spring-cloud-sleuth/spring-cloud-sleuth-core/src/main/java/org/springframework/cloud/sleuth/instrument/web/TraceWebServletAutoConfiguration.java,4.571428571428571,0.0,2.7142857142857144,0.14285714285714285,0.0,1.1428571428571428,2.8571428571428568,2.5714285714285716,0.0,0.0,0.0,0.0,0.0,0.0,0.0,0.0,0.0,0.0,0.0,0.2857142857142857,0.0,5,4,1,0,1,1,0,0
/home/gzhao/performance_bug_prediction/github_data_collection/projects/spring-cloud-sleuth/spring-cloud-sleuth-core/src/main/java/org/springframework/cloud/sleuth/instrument/web/client/HttpClientBeanPostProcessor.java,6.636363636363638,1.0,4.090909090909091,0.4090909090909091,0.07727272727272727,1.5909090909090908,2.0454545454545454,3.5454545454545454,0.0,0.0,0.0,0.0,0.0,0.0,0.0,0.0,0.0,0.0,0.5,0.3636363636363637,0.0,0,0,0,0,0,0,0,0
/home/gzhao/performance_bug_prediction/github_data_collection/projects/spring-cloud-sleuth/spring-cloud-sleuth-core/src/main/java/org/springframework/cloud/sleuth/instrument/web/client/TraceRequestHttpHeadersFilter.java,5.764705882352941,0.17647058823529413,4.0,0.29411764705882354,0.02235294117647059,1.5882352941176472,2.411764705882353,3.3529411764705883,0.0,0.0,0.0,0.0,0.0,0.0,0.0,0.0,0.2352941176470588,0.0,0.0,0.4705882352941176,0.0,0,0,0,0,0,0,0,1
/home/gzhao/performance_bug_prediction/github_data_collection/projects/spring-cloud-sleuth/spring-cloud-sleuth-core/src/main/java/org/springframework/cloud/sleuth/instrument/web/client/TraceWebAsyncClientAutoConfiguration.java,7.5,0.0,4.5,1.0,0.0,2.0,1.5,2.5,0.0,0.5,0.0,0.0,0.0,0.0,0.0,0.0,1.0,0.0,0.0,1.0,0.0,5,2,1,0,1,1,0,0
/home/gzhao/performance_bug_prediction/github_data_collection/projects/spring-cloud-sleuth/spring-cloud-sleuth-core/src/main/java/org/springframework/cloud/sleuth/instrument/web/client/TraceWebClientAutoConfiguration.java,4.954545454545454,0.0,2.8636363636363638,0.3181818181818182,0.0,1.318181818181818,1.7272727272727273,2.3181818181818183,0.045454545454545456,0.0,0.0,0.0,0.0,0.0,0.0,0.0,0.0,0.0,0.0,0.13636363636363635,0.0,5,2,1,0,1,1,0,0
/home/gzhao/performance_bug_prediction/github_data_collection/projects/spring-cloud-sleuth/spring-cloud-sleuth-core/src/main/java/org/springframework/cloud/sleuth/instrument/web/client/TraceWebClientBeanPostProcessor.java,6.037037037037037,0.5555555555555556,3.7037037037037037,0.4814814814814815,0.06481481481481481,1.5185185185185186,2.2592592592592595,3.185185185185185,0.037037037037037035,0.0,0.0,0.0,0.0,0.0,0.0,0.0,0.0,0.0,0.0,0.2222222222222222,0.0,0,0,0,0,0,0,0,1
/home/gzhao/performance_bug_prediction/github_data_collection/projects/spring-cloud-sleuth/spring-cloud-sleuth-core/src/main/java/org/springframework/cloud/sleuth/instrument/web/client/feign/FeignContextBeanPostProcessor.java,4.666666666666667,0.0,2.6666666666666665,0.3333333333333333,0.0,1.3333333333333333,1.3333333333333333,2.0,0.0,0.0,0.0,0.0,0.0,0.0,0.0,0.0,0.0,0.0,0.0,0.0,0.0,0,0,0,0,0,0,0,0
/home/gzhao/performance_bug_prediction/github_data_collection/projects/spring-cloud-sleuth/spring-cloud-sleuth-core/src/main/java/org/springframework/cloud/sleuth/instrument/web/client/feign/LazyClient.java,4.5,0.0,3.0,0.5,0.0,1.5,2.5,4.0,0.0,0.0,0.0,0.0,0.0,0.0,0.0,0.0,0.0,0.0,0.0,0.0,0.0,0,0,0,0,0,0,0,0
/home/gzhao/performance_bug_prediction/github_data_collection/projects/spring-cloud-sleuth/spring-cloud-sleuth-core/src/main/java/org/springframework/cloud/sleuth/instrument/web/client/feign/LazyTracingFeignClient.java,7.0,0.0,4.0,1.0,0.0,2.0,3.6666666666666665,4.0,0.0,0.0,0.0,0.0,0.0,0.0,0.0,0.0,0.0,0.0,0.0,0.0,0.0,0,0,0,0,0,0,0,0
/home/gzhao/performance_bug_prediction/github_data_collection/projects/spring-cloud-sleuth/spring-cloud-sleuth-core/src/main/java/org/springframework/cloud/sleuth/instrument/web/client/feign/OkHttpFeignClientBeanPostProcessor.java,5.5,0.0,3.0,0.5,0.0,1.5,1.5,1.5,0.0,0.0,0.0,0.0,0.0,0.0,0.0,0.0,0.0,0.0,0.0,0.0,0.0,0,0,0,0,0,0,0,0
/home/gzhao/performance_bug_prediction/github_data_collection/projects/spring-cloud-sleuth/spring-cloud-sleuth-core/src/main/java/org/springframework/cloud/sleuth/instrument/web/client/feign/SleuthFeignBuilder.java,3.0,0.0,2.0,0.0,0.0,1.0,3.0,5.0,0.0,0.0,0.0,0.0,0.0,0.0,0.0,0.0,0.0,0.0,0.0,0.0,0.0,0,0,0,0,0,0,0,0
/home/gzhao/performance_bug_prediction/github_data_collection/projects/spring-cloud-sleuth/spring-cloud-sleuth-core/src/main/java/org/springframework/cloud/sleuth/instrument/web/client/feign/SleuthFeignProperties.java,3.0,0.0,2.0,0.0,0.0,1.0,1.0,1.0,0.0,0.0,0.0,0.0,0.0,0.0,0.0,0.0,0.0,0.0,0.0,0.5,0.0,4,2,1,0,1,1,0,0
/home/gzhao/performance_bug_prediction/github_data_collection/projects/spring-cloud-sleuth/spring-cloud-sleuth-core/src/main/java/org/springframework/cloud/sleuth/instrument/web/client/feign/TraceFeignAspect.java,9.0,0.0,6.5,0.5,0.0,2.0,3.0,5.5,0.0,0.0,0.0,0.0,0.0,0.0,0.0,0.0,0.0,0.0,0.0,0.0,0.0,0,0,0,0,0,0,0,0
/home/gzhao/performance_bug_prediction/github_data_collection/projects/spring-cloud-sleuth/spring-cloud-sleuth-core/src/main/java/org/springframework/cloud/sleuth/instrument/web/client/feign/TraceFeignBlockingLoadBalancerClient.java,5.5,0.0,3.5,0.75,0.0,1.75,2.75,3.25,0.0,0.0,0.0,0.0,1.25,0.0,0.0,0.0,0.0,0.0,0.0,0.0,0.0,18,13,1,0,3,1,0,0
/home/gzhao/performance_bug_prediction/github_data_collection/projects/spring-cloud-sleuth/spring-cloud-sleuth-core/src/main/java/org/springframework/cloud/sleuth/instrument/web/client/feign/TraceFeignClientAutoConfiguration.java,3.4,0.0,2.0,0.0,0.0,1.0,1.0,2.0,0.0,0.0,0.0,0.0,0.0,0.0,0.0,0.0,0.0,0.0,0.0,0.0,0.0,6,3,1,0,1,1,0,0
/home/gzhao/performance_bug_prediction/github_data_collection/projects/spring-cloud-sleuth/spring-cloud-sleuth-core/src/main/java/org/springframework/cloud/sleuth/instrument/web/client/feign/TraceFeignContext.java,9.5,0.0,7.0,1.0,0.0,2.5,4.0,5.0,0.0,0.0,0.0,0.0,0.0,0.0,0.0,0.0,1.0,0.0,0.0,2.5,0.0,0,0,0,0,0,0,0,0
/home/gzhao/performance_bug_prediction/github_data_collection/projects/spring-cloud-sleuth/spring-cloud-sleuth-core/src/main/java/org/springframework/cloud/sleuth/instrument/web/client/feign/TraceFeignObjectWrapper.java,8.0,0.0,5.0,1.5,0.0,2.5,6.0,3.0,0.0,0.0,0.0,0.0,1.0,0.0,0.0,0.0,0.0,0.0,0.0,0.0,0.0,6,7,1,0,2,1,0,0
/home/gzhao/performance_bug_prediction/github_data_collection/projects/spring-cloud-sleuth/spring-cloud-sleuth-core/src/main/java/org/springframework/cloud/sleuth/instrument/web/client/feign/TracingFeignClient.java,5.461538461538462,0.07692307692307693,3.4615384615384617,0.3076923076923077,0.004615384615384615,1.6153846153846154,2.230769230769231,3.0769230769230766,0.0,0.0,0.0,0.0,0.0,0.0,0.0,0.0,0.0,0.0,0.0,0.6153846153846154,0.0,3,6,1,0,1,1,0,0
/home/gzhao/performance_bug_prediction/github_data_collection/projects/spring-cloud-sleuth/spring-cloud-sleuth-core/src/main/java/org/springframework/cloud/sleuth/internal/DefaultSpanNamer.java,7.0,0.3333333333333333,4.666666666666667,1.0,0.04,2.333333333333333,2.6666666666666665,5.0,0.0,0.0,0.0,0.0,0.0,0.0,0.0,0.0,0.0,0.0,0.0,0.3333333333333333,0.0,0,0,0,0,0,0,0,0
/home/gzhao/performance_bug_prediction/github_data_collection/projects/spring-cloud-sleuth/spring-cloud-sleuth-core/src/main/java/org/springframework/cloud/sleuth/internal/LazyBean.java,4.0,0.0,2.0,0.0,0.0,1.0,5.0,2.0,0.0,0.0,0.0,0.0,0.0,0.0,0.0,0.0,0.0,0.0,0.0,0.0,0.0,0,0,0,0,0,0,0,0
/home/gzhao/performance_bug_prediction/github_data_collection/projects/spring-cloud-sleuth/spring-cloud-sleuth-core/src/main/java/org/springframework/cloud/sleuth/internal/SpanNameUtil.java,12.0,0.0,8.5,2.0,0.0,3.5,4.0,6.0,1.0,0.0,0.0,0.0,0.0,0.0,0.0,0.0,0.0,0.0,0.0,0.0,0.0,0,0,0,0,0,0,0,0
/home/gzhao/performance_bug_prediction/github_data_collection/projects/spring-cloud-sleuth/spring-cloud-sleuth-core/src/main/java/org/springframework/cloud/sleuth/sampler/ProbabilityBasedSampler.java,17.0,4.5,14.0,1.5,0.25,4.0,3.5,4.5,0.5,0.0,0.0,0.0,0.5,0.0,0.0,0.0,1.0,0.0,0.0,3.0,0.0,15,10,1,0,3,1,0,0
/home/gzhao/performance_bug_prediction/github_data_collection/projects/spring-cloud-sleuth/spring-cloud-sleuth-core/src/main/java/org/springframework/cloud/sleuth/sampler/RateLimitingSampler.java,3.0,0.0,2.0,0.0,0.0,1.5,2.0,2.0,0.0,0.0,0.0,0.0,0.0,0.0,0.0,0.0,0.0,0.0,0.0,0.0,0.0,0,0,0,0,0,0,0,0
/home/gzhao/performance_bug_prediction/github_data_collection/projects/spring-cloud-sleuth/spring-cloud-sleuth-core/src/main/java/org/springframework/cloud/sleuth/sampler/SamplerAutoConfiguration.java,4.5,0.5,3.0,0.5,0.0825,1.5,1.25,2.75,0.0,0.0,0.0,0.0,0.0,0.0,0.0,0.0,0.0,0.0,0.0,0.0,0.0,9,12,2,0,2,2,0,0
/home/gzhao/performance_bug_prediction/github_data_collection/projects/spring-cloud-sleuth/spring-cloud-sleuth-core/src/main/java/org/springframework/cloud/sleuth/sampler/SamplerProperties.java,3.0,0.0,2.0,0.0,0.0,1.0,2.5,1.0,0.0,0.0,0.0,0.0,0.0,0.0,0.0,0.0,0.0,0.0,0.0,0.5,0.0,4,2,1,0,1,1,0,0
/home/gzhao/performance_bug_prediction/github_data_collection/projects/spring-cloud-sleuth/spring-cloud-sleuth-core/src/main/java/org/springframework/jms/config/TracingJmsListenerEndpointRegistry.java,4.095238095238095,0.2857142857142857,2.5714285714285716,0.19047619047619047,0.03571428571428571,1.2380952380952381,2.0476190476190474,2.142857142857143,0.0,0.0,0.0,0.0,0.0,0.0,0.0,0.0,0.0,0.0,0.0,2.4761904761904763,0.0,4,1,1,0,1,1,0,0
/home/gzhao/performance_bug_prediction/github_data_collection/projects/spring-cloud-sleuth/spring-cloud-sleuth-samples/spring-cloud-sleuth-sample-feign/src/main/java/sample/SampleController.java,1.0,0.0,1.0,0.0,0.0,0.0,1.0,1.0,0.0,0.0,0.0,0.0,0.0,0.0,0.0,0.0,0.0,0.0,0.0,0.0,0.0,0,0,0,0,0,0,0,0
/home/gzhao/performance_bug_prediction/github_data_collection/projects/spring-cloud-sleuth/spring-cloud-sleuth-samples/spring-cloud-sleuth-sample-feign/src/main/java/sample/SampleFeignApplication.java,5.333333333333333,0.0,3.333333333333333,0.0,0.0,1.0,1.3333333333333333,1.3333333333333333,0.0,0.0,0.0,0.0,0.0,0.0,0.0,0.0,0.0,0.0,0.0,0.0,0.0,0,0,0,0,0,0,0,0
/home/gzhao/performance_bug_prediction/github_data_collection/projects/spring-cloud-sleuth/spring-cloud-sleuth-samples/spring-cloud-sleuth-sample-messaging/src/main/java/sample/SampleMessagingApplication.java,3.6,0.0,2.6,0.0,0.0,1.0,0.8,1.4,0.0,0.0,0.0,0.0,0.0,0.0,0.0,0.0,0.0,0.0,0.0,0.0,0.0,0,0,0,0,0,0,0,0
/home/gzhao/performance_bug_prediction/github_data_collection/projects/spring-cloud-sleuth/spring-cloud-sleuth-samples/spring-cloud-sleuth-sample-messaging/src/main/java/sample/SampleRequestResponse.java,1.0,0.0,1.0,0.0,0.0,0.0,1.0,1.0,0.0,0.0,0.0,0.0,0.0,0.0,0.0,0.0,0.0,0.0,0.0,0.0,0.0,0,0,0,0,0,0,0,0
/home/gzhao/performance_bug_prediction/github_data_collection/projects/spring-cloud-sleuth/spring-cloud-sleuth-samples/spring-cloud-sleuth-sample-messaging/src/main/java/sample/SampleService.java,4.0,0.5,2.5,0.0,0.1,1.0,2.5,2.5,0.0,0.0,0.0,0.0,0.0,0.0,0.0,0.0,0.0,0.0,0.0,0.0,0.0,0,0,0,0,0,0,0,0
/home/gzhao/performance_bug_prediction/github_data_collection/projects/spring-cloud-sleuth/spring-cloud-sleuth-samples/spring-cloud-sleuth-sample-messaging/src/main/java/sample/SampleSink.java,1.0,0.0,1.0,0.0,0.0,0.0,1.0,0.0,0.0,0.0,0.0,0.0,0.0,0.0,0.0,0.0,0.0,0.0,0.0,0.0,0.0,0,0,0,0,0,0,0,0
/home/gzhao/performance_bug_prediction/github_data_collection/projects/spring-cloud-sleuth/spring-cloud-sleuth-samples/spring-cloud-sleuth-sample-messaging/src/main/java/sample/SampleTransformer.java,5.0,0.0,4.0,0.0,0.0,1.0,3.0,6.0,0.0,0.0,0.0,0.0,0.0,0.0,0.0,0.0,0.0,0.0,0.0,0.0,0.0,0,0,0,0,0,0,0,0
/home/gzhao/performance_bug_prediction/github_data_collection/projects/spring-cloud-sleuth/spring-cloud-sleuth-samples/spring-cloud-sleuth-sample-websocket/src/main/java/sample/GreetingController.java,3.6666666666666665,0.6666666666666666,2.6666666666666665,0.0,0.13333333333333333,1.0,1.6666666666666667,2.333333333333333,0.0,0.0,0.0,0.0,0.0,0.3333333333333333,0.0,0.0,0.0,0.0,0.0,0.0,0.0,0,0,0,0,0,0,0,0
/home/gzhao/performance_bug_prediction/github_data_collection/projects/spring-cloud-sleuth/spring-cloud-sleuth-samples/spring-cloud-sleuth-sample-websocket/src/main/java/sample/SampleWebsocketApplication.java,3.333333333333333,0.0,2.333333333333333,0.0,0.0,1.0,1.3333333333333333,1.6666666666666667,0.0,0.0,0.0,0.0,0.0,0.0,0.0,0.0,0.0,0.0,0.0,0.3333333333333333,0.0,0,0,0,0,0,0,0,0
/home/gzhao/performance_bug_prediction/github_data_collection/projects/spring-cloud-sleuth/spring-cloud-sleuth-samples/spring-cloud-sleuth-sample-zipkin/src/main/java/sample/SampleZipkinApplication.java,4.75,0.0,3.0,0.0,0.0,1.0,0.75,1.5,0.0,0.0,0.0,0.0,0.0,0.0,0.0,0.0,0.0,0.0,0.0,0.0,0.0,0,0,0,0,0,0,0,0
/home/gzhao/performance_bug_prediction/github_data_collection/projects/spring-cloud-sleuth/spring-cloud-sleuth-samples/spring-cloud-sleuth-sample/src/main/java/sample/SampleSleuthApplication.java,3.0,0.0,2.0,0.0,0.0,1.0,1.0,1.0,0.0,0.0,0.0,0.0,0.0,0.0,0.0,0.0,0.0,0.0,0.0,0.0,0.0,0,0,0,0,0,0,0,0
/home/gzhao/performance_bug_prediction/github_data_collection/projects/spring-cloud-sleuth/spring-cloud-sleuth-zipkin/src/main/java/org/springframework/cloud/sleuth/zipkin2/DefaultEndpointLocator.java,9.2,0.0,5.2,0.8,0.0,2.2,2.8,4.6,0.0,0.0,0.0,0.0,0.0,0.0,0.0,0.0,0.0,0.0,0.0,0.0,0.0,17,10,1,0,2,1,0,0
/home/gzhao/performance_bug_prediction/github_data_collection/projects/spring-cloud-sleuth/spring-cloud-sleuth-zipkin/src/main/java/org/springframework/cloud/sleuth/zipkin2/DefaultZipkinRestTemplateCustomizer.java,7.5,0.0,5.0,1.0,0.0,1.5,2.5,5.5,0.0,0.0,0.0,0.0,0.0,0.0,0.0,0.0,0.0,0.5,0.0,1.0,0.0,6,3,1,0,1,1,0,0
/home/gzhao/performance_bug_prediction/github_data_collection/projects/spring-cloud-sleuth/spring-cloud-sleuth-zipkin/src/main/java/org/springframework/cloud/sleuth/zipkin2/EndpointLocator.java,1.0,0.0,1.0,0.0,0.0,0.0,0.0,1.0,0.0,0.0,0.0,0.0,0.0,0.0,0.0,0.0,0.0,0.0,0.0,0.0,0.0,0,0,0,0,0,0,0,0
/home/gzhao/performance_bug_prediction/github_data_collection/projects/spring-cloud-sleuth/spring-cloud-sleuth-zipkin/src/main/java/org/springframework/cloud/sleuth/zipkin2/ZipkinAutoConfiguration.java,6.3076923076923075,0.2307692307692308,3.8461538461538463,0.3076923076923077,0.019230769230769232,1.5384615384615383,2.1538461538461537,3.3076923076923075,0.0,0.0,0.0,0.0,0.0,0.0,0.0,0.0,0.0,0.0,0.0,0.8461538461538461,0.0,10,5,1,0,2,1,0,0
/home/gzhao/performance_bug_prediction/github_data_collection/projects/spring-cloud-sleuth/spring-cloud-sleuth-zipkin/src/main/java/org/springframework/cloud/sleuth/zipkin2/ZipkinLoadBalancer.java,1.0,4.0,1.0,0.0,4.0,0.0,1.0,1.0,0.0,0.0,0.0,0.0,0.0,0.0,0.0,0.0,0.0,0.0,0.0,0.0,0.0,0,0,0,0,0,0,0,0
/home/gzhao/performance_bug_prediction/github_data_collection/projects/spring-cloud-sleuth/spring-cloud-sleuth-zipkin/src/main/java/org/springframework/cloud/sleuth/zipkin2/ZipkinProperties.java,3.0,0.0,2.0,0.0,0.0,1.0,1.5,1.0,0.0,0.0,0.0,0.0,0.0,0.0,0.0,0.0,0.0,0.0,0.0,0.5,0.0,4,2,1,0,1,1,0,0
/home/gzhao/performance_bug_prediction/github_data_collection/projects/spring-cloud-sleuth/spring-cloud-sleuth-zipkin/src/main/java/org/springframework/cloud/sleuth/zipkin2/ZipkinRestTemplateCustomizer.java,3.0,6.0,2.0,0.0,2.0,1.0,2.0,1.0,0.0,0.0,0.0,0.0,0.0,0.0,0.0,0.0,0.0,0.0,0.0,0.0,0.0,0,0,0,0,0,0,0,0
/home/gzhao/performance_bug_prediction/github_data_collection/projects/spring-cloud-sleuth/spring-cloud-sleuth-zipkin/src/main/java/org/springframework/cloud/sleuth/zipkin2/sender/LoadBalancerClientZipkinLoadBalancer.java,11.0,0.0,8.0,2.0,0.0,3.0,2.0,6.0,0.0,0.0,0.0,0.0,0.0,0.0,0.0,0.0,0.0,0.0,0.0,0.0,0.0,0,0,0,0,0,0,0,0
/home/gzhao/performance_bug_prediction/github_data_collection/projects/spring-cloud-sleuth/spring-cloud-sleuth-zipkin/src/main/java/org/springframework/cloud/sleuth/zipkin2/sender/RestTemplateSender.java,4.0,0.25,2.75,0.125,0.08375,1.125,2.125,2.0,0.0,0.0,0.0,0.0,0.0,0.0,0.0,0.0,0.0,0.0,0.0,0.5,0.0,0,0,0,0,0,0,0,0
/home/gzhao/performance_bug_prediction/github_data_collection/projects/spring-cloud-sleuth/spring-cloud-sleuth-zipkin/src/main/java/org/springframework/cloud/sleuth/zipkin2/sender/ZipkinActiveMqSenderConfiguration.java,4.0,0.0,2.0,0.0,0.0,1.0,3.0,6.0,0.0,0.0,0.0,0.0,0.0,0.0,0.0,0.0,0.0,0.0,2.0,1.0,0.0,0,0,0,0,0,0,0,0
/home/gzhao/performance_bug_prediction/github_data_collection/projects/spring-cloud-sleuth/spring-cloud-sleuth-zipkin/src/main/java/org/springframework/cloud/sleuth/zipkin2/sender/ZipkinKafkaSenderConfiguration.java,10.5,0.5,8.5,1.5,0.045,2.5,2.0,7.5,0.5,0.0,0.0,0.0,0.0,0.0,0.0,0.0,0.0,0.0,0.0,3.0,0.0,0,0,0,0,0,0,0,0
/home/gzhao/performance_bug_prediction/github_data_collection/projects/spring-cloud-sleuth/spring-cloud-sleuth-zipkin/src/main/java/org/springframework/cloud/sleuth/zipkin2/sender/ZipkinRabbitSenderConfiguration.java,8.0,0.0,3.0,0.0,0.0,2.0,4.0,9.0,0.0,0.0,0.0,0.0,0.0,0.0,0.0,0.0,0.0,0.0,5.0,1.0,0.0,0,0,0,0,0,0,0,0
/home/gzhao/performance_bug_prediction/github_data_collection/projects/spring-cloud-sleuth/spring-cloud-sleuth-zipkin/src/main/java/org/springframework/cloud/sleuth/zipkin2/sender/ZipkinRestTemplateSenderConfiguration.java,5.214285714285714,0.0,3.4285714285714284,0.21428571428571427,0.0,1.2142857142857142,2.2857142857142856,3.2142857142857144,0.0,0.0,0.0,0.0,0.0,0.0,0.0,0.0,0.0,0.0,0.0,0.21428571428571427,0.0,0,0,0,0,0,0,0,0
/home/gzhao/performance_bug_prediction/github_data_collection/projects/spring-cloud-sleuth/spring-cloud-sleuth-zipkin/src/main/java/org/springframework/cloud/sleuth/zipkin2/sender/ZipkinSenderCondition.java,19.0,0.0,12.0,1.0,0.0,4.0,2.0,11.0,0.0,0.0,0.0,0.0,0.0,0.0,0.0,0.0,0.0,0.0,0.0,0.0,0.0,0,0,0,0,0,0,0,0
/home/gzhao/performance_bug_prediction/github_data_collection/projects/spring-cloud-sleuth/spring-cloud-sleuth-zipkin/src/main/java/org/springframework/cloud/sleuth/zipkin2/sender/ZipkinSenderConfigurationImportSelector.java,6.0,0.0,4.0,1.0,0.0,2.0,2.0,4.0,0.5,0.0,0.0,0.0,0.0,0.0,0.0,0.0,1.5,0.0,0.0,2.5,0.0,0,0,0,0,0,0,0,0
/home/gzhao/performance_bug_prediction/github_data_collection/projects/spring-cloud-sleuth/spring-cloud-sleuth-zipkin/src/main/java/org/springframework/cloud/sleuth/zipkin2/sender/ZipkinSenderProperties.java,2.0,0.0,1.3333333333333333,0.0,0.0,1.0,0.6666666666666666,1.0,0.0,0.0,0.0,0.0,0.0,0.0,0.0,0.0,0.0,0.0,0.0,0.3333333333333333,0.0,0,0,0,0,0,0,0,0
